{
  "name": "NtpClientLib",
  "frameworks": "arduino",
  "version": "2.5.0",
  "keywords": "time, date, hour, minute, second, day, week, month, year, RTC, NTP",
  "platforms": ["atmelavr", "atmelsam", "espressif32", "espressif8266"],
  "description": "Library to get system sync from a NTP server",
  "url": "https://github.com/gmag11/NtpClient",
  "authors":
    {
      "name": "Germán Martín",
      "email": "gmag11@gmail.com"
    },
  "repository":
    {
      "type": "git",
      "url": "https://github.com/gmag11/NtpClient.git"
    },
  "examples": "examples/*/*.ino"
}

